<?xml version="1.0" encoding="UTF-8"?>
<bpmn:definitions xmlns:xsi="http://www.w3.org/2001/XMLSchema-instance" xmlns:bpmn="http://www.omg.org/spec/BPMN/20100524/MODEL" xmlns:bpmndi="http://www.omg.org/spec/BPMN/20100524/DI" xmlns:dc="http://www.omg.org/spec/DD/20100524/DC" id="Definitions_1" targetNamespace="http://bpmn.io/schema/bpmn">
  <bpmn:process id="Process_1" isExecutable="false">
    <bpmn:startEvent id="StartEvent_1" />
    <bpmn:task id="Task_1v9eu7e" />
    <bpmn:receiveTask id="ReceiveTask_0yr4p79" />
    <bpmn:sendTask id="SendTask_0khkto4" />
  </bpmn:process>
  <bpmndi:BPMNDiagram id="BPMNDiagram_1">
    <bpmndi:BPMNPlane id="BPMNPlane_1" bpmnElement="Process_1">
      <bpmndi:BPMNShape id="Task_1v9eu7e_di" bpmnElement="Task_1v9eu7e">
        <dc:Bounds x="289" y="126" width="100" height="80" />
      </bpmndi:BPMNShape>
      <bpmndi:BPMNShape id="ReceiveTask_0yr4p79_di" bpmnElement="ReceiveTask_0yr4p79">
        <dc:Bounds x="450" y="190" width="100" height="80" />
      </bpmndi:BPMNShape>
      <bpmndi:BPMNShape id="SendTask_0khkto4_di" bpmnElement="SendTask_0khkto4">
        <dc:Bounds x="570" y="108" width="100" height="80" />
      </bpmndi:BPMNShape>
    </bpmndi:BPMNPlane>
  </bpmndi:BPMNDiagram>
</bpmn:definitions>
