<?xml version="1.0" encoding="UTF-8"?>
<simplicite xmlns:xsi="http://www.w3.org/2001/XMLSchema-instance" xmlns="http://www.simplicite.fr/base" xsi:schemaLocation="http://www.simplicite.fr/base https://www.simplicite.io/resources/schemas/base.xsd">
<object>
	<name>ByteltedImage</name>
	<action>upsert</action>
	<data>
		<byteltedImgCode>IMG001</byteltedImgCode>
		<byteltedImgImage>ByteltedImage/byteltedImgImage/0/1/image1.png</byteltedImgImage>
	</data>
	<data>
		<byteltedImgCode>IMG002</byteltedImgCode>
		<byteltedImgImage>ByteltedImage/byteltedImgImage/0/2/image2.png</byteltedImgImage>
	</data>
	<data>
		<byteltedImgCode>IMG003</byteltedImgCode>
		<byteltedImgImage>ByteltedImage/byteltedImgImage/0/3/image3.png</byteltedImgImage>
	</data>
</object>
<object>
	<name>ByteltedUser</name>
	<action>upsert</action>
	<data>
		<usr_image_id>ByteltedUser/usr_image_id/0/7/woman3.png</usr_image_id>
		<usr_login>amartin</usr_login>
		<usr_first_name>Alice</usr_first_name>
		<usr_last_name>MARTIN</usr_last_name>
		<usr_lang>FRA</usr_lang>
		<usr_email>demo@simplicite.fr</usr_email>
		<usr_cell_num/>
		<usr_active>1</usr_active>
		<usr_home_id.viw_name>BytelTEDUserHome</usr_home_id.viw_name>
		<row_module_id.mdl_name>ApplicationUsers</row_module_id.mdl_name>
	</data>
	<data>
		<usr_image_id>User/usr_image_id/0/8/david2.jpg</usr_image_id>
		<usr_login>dazoulay</usr_login>
		<usr_first_name>David</usr_first_name>
		<usr_last_name>AZOULAY</usr_last_name>
		<usr_lang>FRA</usr_lang>
		<usr_email>dazoulay@simplicite.fr</usr_email>
		<usr_cell_num/>
		<usr_active>1</usr_active>
		<usr_home_id.viw_name>Home</usr_home_id.viw_name>
		<row_module_id.mdl_name>BytelTED</row_module_id.mdl_name>
	</data>
	<data>
		<usr_image_id>ByteltedUser/usr_image_id/0/5/man2.png</usr_image_id>
		<usr_login>jdupont</usr_login>
		<usr_first_name>Jacques</usr_first_name>
		<usr_last_name>DUPONT</usr_last_name>
		<usr_lang>FRA</usr_lang>
		<usr_email>demo@simplicite.fr</usr_email>
		<usr_cell_num/>
		<usr_active>1</usr_active>
		<usr_home_id.viw_name>BytelTEDUserHome</usr_home_id.viw_name>
		<row_module_id.mdl_name>ApplicationUsers</row_module_id.mdl_name>
	</data>
	<data>
		<usr_image_id>ByteltedUser/usr_image_id/0/6/woman4.png</usr_image_id>
		<usr_login>jdurand</usr_login>
		<usr_first_name>DURAND</usr_first_name>
		<usr_last_name>Jeanne</usr_last_name>
		<usr_lang>FRA</usr_lang>
		<usr_email>demo@simplicite.fr</usr_email>
		<usr_cell_num/>
		<usr_active>1</usr_active>
		<usr_home_id.viw_name>BytelTEDUserHome</usr_home_id.viw_name>
		<row_module_id.mdl_name>ApplicationUsers</row_module_id.mdl_name>
	</data>
</object>
<object>
	<name>ByteltedParcours</name>
	<action>upsert</action>
	<data>
		<byteltedPrcNom>Exemple Bytel</byteltedPrcNom>
		<byteltedPrcDescription><![CDATA[<p>Ceci correspond &agrave; un parcours d'exemple fourni par Bytel</p>]]></byteltedPrcDescription>
		<byteltedPrcImgId.byteltedImgCode>IMG001</byteltedPrcImgId.byteltedImgCode>
		<byteltedPrcImgId.byteltedImgImage>ByteltedImage/byteltedImgImage/0/1/image1.png</byteltedPrcImgId.byteltedImgImage>
		<byteltedPrcDiagrammeXML>ByteltedParcours/byteltedPrcDiagrammeXML/0/5/diagram-1634146293480.xml</byteltedPrcDiagrammeXML>
	</data>
	<data>
		<byteltedPrcNom>Parcours No 1</byteltedPrcNom>
		<byteltedPrcDescription><![CDATA[<p>Ceci est la description du <strong>parcours </strong>num&eacute;ro 1</p>]]></byteltedPrcDescription>
		<byteltedPrcImgId.byteltedImgCode>IMG001</byteltedPrcImgId.byteltedImgCode>
		<byteltedPrcImgId.byteltedImgImage>ByteltedImage/byteltedImgImage/0/1/image1.png</byteltedPrcImgId.byteltedImgImage>
		<byteltedPrcDiagrammeXML>ByteltedParcours/byteltedPrcDiagrammeXML/0/1/diagram-1634146014582.xml</byteltedPrcDiagrammeXML>
	</data>
	<data>
		<byteltedPrcNom>Parcours No 2</byteltedPrcNom>
		<byteltedPrcDescription><![CDATA[<p>Ceci est la description du <strong>parcours </strong>num&eacute;ro 2</p>]]></byteltedPrcDescription>
		<byteltedPrcImgId.byteltedImgCode>IMG002</byteltedPrcImgId.byteltedImgCode>
		<byteltedPrcImgId.byteltedImgImage>ByteltedImage/byteltedImgImage/0/2/image2.png</byteltedPrcImgId.byteltedImgImage>
		<byteltedPrcDiagrammeXML>ByteltedParcours/byteltedPrcDiagrammeXML/0/2/diagram-1634125370800.xml</byteltedPrcDiagrammeXML>
	</data>
	<data>
		<byteltedPrcNom>Parcours No 3</byteltedPrcNom>
		<byteltedPrcDescription><![CDATA[<p>Ceci est la description du <strong>parcours </strong>num&eacute;ro 3</p>]]></byteltedPrcDescription>
		<byteltedPrcImgId.byteltedImgCode>IMG003</byteltedPrcImgId.byteltedImgCode>
		<byteltedPrcImgId.byteltedImgImage>ByteltedImage/byteltedImgImage/0/3/image3.png</byteltedPrcImgId.byteltedImgImage>
		<byteltedPrcDiagrammeXML>ByteltedParcours/byteltedPrcDiagrammeXML/0/3/diagram-1634140306860.xml</byteltedPrcDiagrammeXML>
	</data>
</object>
<object>
	<name>ByteltedPrcUsr</name>
	<action>upsert</action>
	<data>
		<byteltedPrcUsrPrcId.byteltedPrcNom>Parcours No 1</byteltedPrcUsrPrcId.byteltedPrcNom>
		<byteltedPrcUsrPrcId.byteltedPrcImgId.byteltedImgImage>ByteltedImage/byteltedImgImage/0/1/image1.png</byteltedPrcUsrPrcId.byteltedPrcImgId.byteltedImgImage>
		<byteltedPrcUsrUsrId.usr_login>jdupont</byteltedPrcUsrUsrId.usr_login>
		<byteltedPrcUsrUsrId.usr_last_name>DUPONT</byteltedPrcUsrUsrId.usr_last_name>
		<byteltedPrcUsrUsrId.usr_first_name>Jacques</byteltedPrcUsrUsrId.usr_first_name>
		<byteltedPrcUsrUsrId.usr_email>demo@simplicite.fr</byteltedPrcUsrUsrId.usr_email>
	</data>
	<data>
		<byteltedPrcUsrPrcId.byteltedPrcNom>Parcours No 1</byteltedPrcUsrPrcId.byteltedPrcNom>
		<byteltedPrcUsrPrcId.byteltedPrcImgId.byteltedImgImage>ByteltedImage/byteltedImgImage/0/1/image1.png</byteltedPrcUsrPrcId.byteltedPrcImgId.byteltedImgImage>
		<byteltedPrcUsrUsrId.usr_login>jdurand</byteltedPrcUsrUsrId.usr_login>
		<byteltedPrcUsrUsrId.usr_last_name>Jeanne</byteltedPrcUsrUsrId.usr_last_name>
		<byteltedPrcUsrUsrId.usr_first_name>DURAND</byteltedPrcUsrUsrId.usr_first_name>
		<byteltedPrcUsrUsrId.usr_email>demo@simplicite.fr</byteltedPrcUsrUsrId.usr_email>
	</data>
	<data>
		<byteltedPrcUsrPrcId.byteltedPrcNom>Parcours No 2</byteltedPrcUsrPrcId.byteltedPrcNom>
		<byteltedPrcUsrPrcId.byteltedPrcImgId.byteltedImgImage>ByteltedImage/byteltedImgImage/0/2/image2.png</byteltedPrcUsrPrcId.byteltedPrcImgId.byteltedImgImage>
		<byteltedPrcUsrUsrId.usr_login>jdupont</byteltedPrcUsrUsrId.usr_login>
		<byteltedPrcUsrUsrId.usr_last_name>DUPONT</byteltedPrcUsrUsrId.usr_last_name>
		<byteltedPrcUsrUsrId.usr_first_name>Jacques</byteltedPrcUsrUsrId.usr_first_name>
		<byteltedPrcUsrUsrId.usr_email>demo@simplicite.fr</byteltedPrcUsrUsrId.usr_email>
	</data>
	<data>
		<byteltedPrcUsrPrcId.byteltedPrcNom>Parcours No 2</byteltedPrcUsrPrcId.byteltedPrcNom>
		<byteltedPrcUsrPrcId.byteltedPrcImgId.byteltedImgImage>ByteltedImage/byteltedImgImage/0/2/image2.png</byteltedPrcUsrPrcId.byteltedPrcImgId.byteltedImgImage>
		<byteltedPrcUsrUsrId.usr_login>jdurand</byteltedPrcUsrUsrId.usr_login>
		<byteltedPrcUsrUsrId.usr_last_name>Jeanne</byteltedPrcUsrUsrId.usr_last_name>
		<byteltedPrcUsrUsrId.usr_first_name>DURAND</byteltedPrcUsrUsrId.usr_first_name>
		<byteltedPrcUsrUsrId.usr_email>demo@simplicite.fr</byteltedPrcUsrUsrId.usr_email>
	</data>
	<data>
		<byteltedPrcUsrPrcId.byteltedPrcNom>Parcours No 2</byteltedPrcUsrPrcId.byteltedPrcNom>
		<byteltedPrcUsrPrcId.byteltedPrcImgId.byteltedImgImage>ByteltedImage/byteltedImgImage/0/2/image2.png</byteltedPrcUsrPrcId.byteltedPrcImgId.byteltedImgImage>
		<byteltedPrcUsrUsrId.usr_login>amartin</byteltedPrcUsrUsrId.usr_login>
		<byteltedPrcUsrUsrId.usr_last_name>MARTIN</byteltedPrcUsrUsrId.usr_last_name>
		<byteltedPrcUsrUsrId.usr_first_name>Alice</byteltedPrcUsrUsrId.usr_first_name>
		<byteltedPrcUsrUsrId.usr_email>demo@simplicite.fr</byteltedPrcUsrUsrId.usr_email>
	</data>
	<data>
		<byteltedPrcUsrPrcId.byteltedPrcNom>Parcours No 3</byteltedPrcUsrPrcId.byteltedPrcNom>
		<byteltedPrcUsrPrcId.byteltedPrcImgId.byteltedImgImage>ByteltedImage/byteltedImgImage/0/3/image3.png</byteltedPrcUsrPrcId.byteltedPrcImgId.byteltedImgImage>
		<byteltedPrcUsrUsrId.usr_login>amartin</byteltedPrcUsrUsrId.usr_login>
		<byteltedPrcUsrUsrId.usr_last_name>MARTIN</byteltedPrcUsrUsrId.usr_last_name>
		<byteltedPrcUsrUsrId.usr_first_name>Alice</byteltedPrcUsrUsrId.usr_first_name>
		<byteltedPrcUsrUsrId.usr_email>demo@simplicite.fr</byteltedPrcUsrUsrId.usr_email>
	</data>
</object>
<object>
	<name>ByteltedCommunication</name>
	<action>upsert</action>
	<data>
		<byteltedComPrcId.byteltedPrcNom>Parcours No 1</byteltedComPrcId.byteltedPrcNom>
		<byteltedComNom>Communication 1.1</byteltedComNom>
		<byteltedComIdTemplate>1234567890</byteltedComIdTemplate>
		<byteltedComDescription><![CDATA[<p>Ceci est la description de la <strong>communication </strong>num&eacute;ro 1.1</p>]]></byteltedComDescription>
		<byteltedComContenu>ByteltedCommunication/byteltedComContenu/0/1/template1.1.html</byteltedComContenu>
		<byteltedComVariables><![CDATA[{"variables": [
    {
        "name": "NOM",
        "label": "Nom",
        "type": "text",
        "value": "LEPONGE"
    },
    {
        "name": "PRENOM",
        "label": "Prénom",
        "type": "text",
        "value": "Robert"
    }
]}]]></byteltedComVariables>
		<byteltedComStatut>BROUILLON</byteltedComStatut>
	</data>
	<data>
		<byteltedComPrcId.byteltedPrcNom>Parcours No 1</byteltedComPrcId.byteltedPrcNom>
		<byteltedComNom>Communication 1.2</byteltedComNom>
		<byteltedComIdTemplate>1234567890</byteltedComIdTemplate>
		<byteltedComDescription><![CDATA[<p>Ceci est la description de la <strong>communication </strong>num&eacute;ro 1.2</p>]]></byteltedComDescription>
		<byteltedComContenu>ByteltedCommunication/byteltedComContenu/0/2/template1.2.html</byteltedComContenu>
		<byteltedComVariables><![CDATA[{"variables": [
    {
        "name": "NOM",
        "label": "Nom",
        "type": "text",
        "value": "MARELAY"
    },
    {
        "name": "PRENOM",
        "label": "Prénom",
        "type": "text",
        "value": "Robert"
    }
]}]]></byteltedComVariables>
		<byteltedComStatut>A_VALIDER</byteltedComStatut>
	</data>
	<data>
		<byteltedComPrcId.byteltedPrcNom>Parcours No 2</byteltedComPrcId.byteltedPrcNom>
		<byteltedComNom>Communication 2.1</byteltedComNom>
		<byteltedComIdTemplate>1234567890</byteltedComIdTemplate>
		<byteltedComDescription><![CDATA[<p>Ceci est la description de la <strong>communication </strong>num&eacute;ro 2.1</p>]]></byteltedComDescription>
		<byteltedComContenu>ByteltedCommunication/byteltedComContenu/0/3/template2.1.html</byteltedComContenu>
		<byteltedComVariables><![CDATA[{"variables": [
    {
        "name": "NOM",
        "label": "Nom",
        "type": "text"
    },
    {
        "name": "PRENOM",
        "label": "Prénom",
        "type": "text"
    }
]}]]></byteltedComVariables>
		<byteltedComStatut>A_VALIDER</byteltedComStatut>
	</data>
	<data>
		<byteltedComPrcId.byteltedPrcNom>Parcours No 3</byteltedComPrcId.byteltedPrcNom>
		<byteltedComNom>Communication 3.1</byteltedComNom>
		<byteltedComIdTemplate>1234567890</byteltedComIdTemplate>
		<byteltedComDescription><![CDATA[<p>Ceci est la description de la <strong>communication </strong>num&eacute;ro 2.1</p>]]></byteltedComDescription>
		<byteltedComContenu>ByteltedCommunication/byteltedComContenu/0/4/template3.1.html</byteltedComContenu>
		<byteltedComVariables><![CDATA[{}]]></byteltedComVariables>
		<byteltedComStatut>VALIDE</byteltedComStatut>
	</data>
</object>
</simplicite>